VTckemsxVFRlYW0gSUQxXlxvU3dK,LzgzIW9QYjIxODJ7SixqNU1n,LjY4LnZhWU9TamxgV2Q/QA==,a3lFaChKSUxpbnV4Xj4hQW9JSg==
JCh+UkluSUZvciBtYXplMDAuanBnQUlcYnF4Yg==,TzdCe286bjEwMGhiTCJNSVw=
MlJ4eGd1ODdlW0Bmcltt,bV9FV1xWOjNIYykwbXtB,cjFYZCJFfDEwZUVQaENHfA==,dWtzPSt5ZjEwZUtwYGxJfg==,ayltOnU3PjYsWFtzUlEw,NGhOKilwRzNCMndUbCtG,LXs2QlMnZDEwd3dsYDFyIg==,e28qMChqbDZgZj0rNW4+,X0p6VjJHTTNsPj98U1No,VGRBMXZjYjZGUW9iXjMw
JSdEWCxKYTFPQGFhMTYi,SjwiSEhSYDEyQ1RcZjBwaQ==,SWkid1Z5dDNZblBLKjJg,WSczM2ptRjEwI2YkdmUiQA==,Ki0lTF17YTEyYTBvX0dRXQ==,bi9PNj0xJDVeaEBcQGpp,SmI4XEkuKDdUVGVvMS9J,YSl8LlpwYjlWVitBZCU4,RENrN1N0WTEye3Q2WCVYNg==,bkRqZjlQSDUsb0ZEYTk+
PCd7VTB5UjFCPFFIfE1n,eU9+dG1jazE0Kkg5TTMvfA==,OEZZYDdUcTkkLnAmKC1E,XiZLelA8ZDZXST1HRVhS,XipSYVxjNTcnUS0qLURa,LHZNP0BdNzVdUChmbmRb,anRYQXVUdTk3NlRbND0x,Kk19eilnZzEwXUsrQnlYXg==,bEAybXhIXjZBMCptVzFI,dl81Z3E7SjV9alBHLCRa
cDp0d25nXzV9KS4iXmte,Xn5OOiJodzNbbWZybm0r,bHInTklXPzYxO1hsIW1q,JWR+YEhgQzVMRHkkT1pJ,e3hdYUgqazVEYChQZnZd,a315YHBWKjlJK2IxMmhT,S1Q8ci5uWjZDLzg1az4m,KW99UyRTUDNjZi8xOlUy,c0V+Q2NXMDEya2lgPXR9YQ==,M3t+IScrUTVJZiZOaDJT
TGQnNUhTIzU/dy1bfjY9,dExhSylHfTVDOzw2UG5Y,QCJeZ0M/PzklbjU4ZEhi,NlgyWGhxNjEyQmdqdnh5Iw==,PXlhdl1PIjFhR0BKLV87,ZDAuUHk7MjE0Tzg+XmBtWA==,RC48MTdbUDkyY2MpdSd6,Um5jPlxPUjQjYGQqPFp1,YU0sNEtWYzMrVD0hJDtg,Z3hEclY8SjR6a2hES1tz
IVVrJFJDRzVVVXplU2FE,ez9ibFxjODlaRntBdEIy,JVtHMFdjNTZLeSQjLWJp,Py5UVkh5aTc3LzQsemk3,OUQ+ISNFejFJSWFnKDxY,QFJvX0IuRDEwO3xdPGFbeQ==,Y3poR3QlSzEwY0ZlaDZtZw==,ajtfeCE5JTEyW199Llkmag==,VycmaWRcVTU3KC9CXEFp,L3w8TTkzOzEzOydJanorZA==
MEQsUj8mfTk5ez40dUNS,QW8kPXtLNzYkXyl5UDVF,KXVmLGUzJzV1OnZ6W1pf,ZGhMM0AlXDFXXjN4fGlx,Vis9K0R1VDg0fW45VjBa,eTVdTmJVMzEwTjZvW2khIw==,NHZKSi1YSDEwM3U7S0AjLQ==,Mmhsd2JEVzE0NzJQIW8yLA==,S0AhXmwuRjlOITdUPT51,bXBAVXg4LDYjRU9+aWNK
Njt2eHdSMTdXR2pMbGlm,Mz1mU0lTLzVeej47PGw1,byI7XTRUdDUjPkZQZU82,cFRzSFczPjknUXFTVW0i,JTB7U15AQjYme1lPUDBO,RTRkY2t6LjNMYlVmbnJv,TVRGYG9oMzZWVXcmaH1S,SV9pbkRtYzNbRkY8Jip9,RHc+M2ZyZjZULXQpPXl5,IUp2enF0PzVZJ1AlazdX
fF5wVmY0ZzVHXCVFUFAx,T0gxKH1UZjVAVlVvQWdj,QkliQCM/fTlEQkgoTVh6,ZVoyWC8rUjE0OnA6VHFkYg==,Pj5uPSMpajEzTi56WmJkSw==,Omh4VXRPTDVLcmIhZ3cv,QnUiTkFVXDlyXSg2QEB9,ZXtHRypjIjEyJGVPZ3ZGWg==,TjVVbVRjWTVvYXp2eDIu,Lz1qW0xhQTVNOWxeazIt
YmJYT2dSLTlLbSdpck80,XT1ve2x5dThicXtPLXlV,VSN6Z1lNJzEwQCsxUywrZg==,JjM1QihlXDEwLlkoVmxwNw==,XzYlKzZfITEwXSkkeDd3Kg==,ImlJU2leajEyJntjPzleYg==,Qzp4eDM4RjExIlkhL09udw==,XHA/XWRDTDEwVEwmJW5tbA==,Z1ZzYSlDLDhPWFU0cmB+,OE00VmhsZDEyditbMyNFQw==
JFFdJEwwJUZvciBtYXplMDEuanBneEM/QnJRPg==,YTZIQTt4dDEwMDBcZHQ9Q1U=
ZjFZXCEscTdhUkdpcGto,PDVyOl92NzExMTVPWyQxXw==,K1hGOyk2XjJfJUlsP2ty,PGkpNVFWVzJtdVtNZydF,djUhT1VvJzZBZ0oifkJQ,NjZzJH5yUTc6MW1sXmJa,dDdRSWFDLzMlbn5CL0RO,NndiLDkmRTE0TUZtbGJZIQ==,MUNRbTFDODc+aVV8Oy1o,S15VeWc0OjdCL3dkOXRV
UWNtQTYsKTkmLUtpY3tD,SX1TRWRDSjEwbS0xM0BAIQ==,TyJxZCZgZzRFKmdAYGly,MidqUHFSPjEzfVVWXzE9RQ==,MCRIUlgoRzEzZSg2RCtCYw==,Iyc5MHAhTzljQyUtTDl6,JUZyaEx3PTBXLCowVER5,e3MkOCtldTEwcCE2NStXIw==,OSVnQVlvMjBCZSVqSkRD,dGFZTlIrajRPKHVuNXYt
TmwnM3lYbTNOWi1DPyJO,XnJKajsoZDE0XnZyanwqVQ==,Xm1DPFYrKzFuaE4ke19W,KXMkSVpyRTJBZDcxTzJ5,b0MtLH0kSDE0NkplY3RIJg==,Qm5YJmooVzExSHkwfj5QWw==,U0YjXXV7ODAlbyUjRVlv,WilKakVBXzE0cmJvUzRiUQ==,VzRTR3csQTEzY2cxLGBVOg==,cE1nZkB9KzEzayg8N3MkfQ==
YT1sNnJ4NzEjcn44QGNc,Wik/ey5KZTIrUzFzZzUh,SExaP1JeQjEyYF5dRUR6WQ==,N2gzWW0rYDEzdj9nfS51WA==,MkJPRSZoJzExJF10MD1fdQ==,ZTR+WD1mWzImYUN1VGJ3,NipxQ3hfOzEyLEx0TGxUew==,NyRBQ0k5YDdiZiNWWi8+,I3FiOjkuSDc0ZjE9bGtH,T0hjezdzKzc0LHcjVUUz
JV5MY1RGJDVlbmY0Pyxd,VzwpRWdLJzFpMiRILClj,fSt+XXFVbTE0L01ySlkuLw==,UCZmSHJoMzcpQjs4V15C,JV5wI1VJXzNUXyo8VC9b,Qi0vblNfLzhoUGIrQm1s,WlBROFB2XzEwQi5ySypvSQ==,Sk8hdEZSezhOW2tsQ09+,Wm9IcTkzdTgpM3V8M2VR,e0YrISNgeTRbYV4lNmpV
dXUnYS1hXzVsQStzUz9c,MGwvQlNFUzEzfk9pJHxDbg==,RGZRPE1dNjdtME9BYTFn,VC9QPF8yczF3aFlvIVQt,a1NzI2o0KDEyUSI/IXFZYg==,OEhcdH5GeTNlJDQ7Rk9l,TzN6I2FhUTEwVjZNYCNlbQ==,ZChkJlpPKTE0Vy4/ayF5VQ==,PHh+KkwzQjExSHN+TGtDUw==,JkQ/YEIsJzEycixCSTgnLA==
dUhdZEh9KTViR111ZVJW,T1wmZDYnKTc2NE5FOktf,THs2WipnbzFXKVZYOXN9,ek45fU5Uazg0bDtfdjZy,NGMnez9AaDInJ3VdP2JL,RG9wYy83UzguIk9DNGZB,Um1TKXc+NzJyM0BaUjZy,Xnp4TUtJazE0KD9jSS4yYQ==,VGdeNGNEcjdlQjVaPysk,M1BcS05OXjciJ19WSXI7
U1k+K3ZjLTkxXnc5IVNG,NyZ1KTRMUzg8RT0wXDVl,W0pzV2M7VzRddWd9N3Ik,I2NdTmwnPTcrbWh6Z24y,cEtsTV55eTEzRDt7TkFedg==,RScnNz8veDdMdXklQFpI,V295XnF6PTEzR0twLzRYYA==,JWR+a3JlWzdgdEI7LDtt,JlMnZmVUbzE4bzUjcUQn,W3REfiFcLTEyJVJBNWRDbA==
ImhKU1M0VTExSmV6N2dxZA==,Uk5afWkzVDZSS1lbRGU9,Li1yPWE4YzF7S0k0NntT,b3tNIzxkcThfcDNBd1kh,IlhbXyI0TDEwVF8tfXhyeA==,ODYiRGdBPzBVfTVtWEZy,ODRENkgvczJscSVofjl+,fjVKN0hBODBOeiN4WjQ7,KzZIUTpNajh+bTpmbydi,ci8jPi1ldzE0S291fm4uMA==
MEM1YzRbODExYGdpOUpJcg==,bEFlbzJ5KjhQa1MjVW5a,YjUwK19HNzh2OlB+aD9u,fDpKJGA4RDEwdGVETy88Nw==,ei4qJGRNfjE0NlJafSdocw==,enh1OVklbTEzZSd4ZFcnMA==,M0V6QlxsbTEzIyhpUEhQVQ==,M0RvXjU0ejk9Jyl1XFtI,fVF+ay58aTEwcmB3LiciZQ==,LixqYyNKZTE0JlFmcCElcw==
I0MsOjtJQUZvciBtYXplMDIuanBnKiNkKHtuVw==,Kko1LXllNDEwMDVXcHhhc24=
ODQla0V6TDdSNGw8Ul41,MCgrcEBMdTchNyZ8fHYi,WFpfUiQqbTExQVlHVlF7Rg==,JEMjQC4sJjYueXFaYW9w,cSxfJytIZTMkdGBAZTdG,ZCZmYS9jeDEwTW5FYlBYJg==,KCtQMm1NTDZYdWN6NlFn,a0xwRScoMTd6dH1rfWpo,JldcRmE8JjNTRy0nT04h,TC9Ad1NIRjE0IXtdfXVrfA==
aW9cPyp+aTU5W3lnNjMw,QENOKzdjYjVuP3k6PCIs,SDI+cSU3YjExLFd9dz9tMg==,TSQsZllQfTgke1RKI099,LicyLGl6IjBOZXhsLFhv,OS5zdDBzTjE0KHw9RjYzJw==,MHEsTUxXLjkycFM8VzN2,QVZYM21ncDh6aDZwIVd8,VGJ4WylPLjBwc1dKVXVC,TTcoaClsKTE0a0s+QydvIg==
anB+W3g7RDFXMVRBTy1l,M3xzO3g6bjBTWl1jNltL,Syg/eE1CJzEwSWteb0F4Qw==,NEs1bHkmLDE0VzInXndALg==,JHw3fVh9UjEza3tfYipUIg==,NzA7UFk8QjExTktydW8kcw==,UVJlM2pfQDZ9SipsdD9G,SWxuZk0kNzMvM0Zafi1f,dG9hQlk3XTh8d0N+LU5Y,fTtUXicoUDE0UlhuUkE8dA==
Ym4kRFlVODEzIl4+PjBuXA==,YlNcbjVTfTVTKyhYJDdm,MCwuNltNPTExWnRDKndlRg==,aC9MPmY0PTJTVndVQ1po,PHZ7RXpoPTE0SSN4NXNIbg==,TS55I1YuKzNydHhLVjgn,ZD9WX3czKzhMNT1rZlsy,ZCQ+YH13dDB4S1M3QSk4,dC0kIVUoYDEwXzlMfVpNJw==,RUcpJGdcXTZxLHJsMj1t
VX1oTF4mYDM+PEp0I0Es,RGNve1lzLzA4Jz1ReT5d,Tnd3S35bJzJWUDdlbTFp,S106JDRYRThxbFFmb19N,bj5EbGpqJjJzJkc4Mko6,Ll1CdSYtWjEyeH05ezQrWw==,Tj5+Uk44azExXEQzaWFOeQ==,Jnlwc10xYDBMSXVtJTZm,bmM4ZCNYXDE0KzRXRS5VLw==,ZzkvLXU3LjEzeU1pLUZTaA==
cWhcNkx4aTVcNUVUP1l6,MTtxbEoyOzUuOC4qQ0Io,e3lUKFtxOjU8fC1kQ2Es,K35NWHQlKjExY0x9Il1mXg==,bnxuKngleThMJ143KDBT,KFV4SXphNzE0dXFSQClAcA==,JFtsMnVWbTExPlRoYk53NQ==,dUIuM3FmXjRTNSh0J3xs,LlcrRzcodTNsS2QmdH0o,NSVzQldxPDE0en5VNDRAZQ==
KCJKKTdUfTVtfHNcVXhY,O3J8QEZ+WTV4RjUpVHNq,ImtNSnxaKDVUNUdoeCIh,WzR0cTdRUTExcH5APS9cWQ==,V1BZR1FCdzEwcnNtUypDUw==,QixtVEBDOjJ6LkY9QVYs,NFNEbGwrbDJGPV8vVUQq,IltrQHFlWzhYI346SmJB,d31NLWhBZzhJWUEtYywx,cGdmdl9TLDZ0dHomYHV0
KSlQZ31GJTV+QFZfJktB,Rz5NLk8uczEzWil9WHQjTg==,VSNBQygkMjFLM15uelsj,YVNNNW1kLTYvSE5uYWI3,UWZfJEN1VDExOXJZUXBPJA==,biRbWFdHaTEyfE9CRHJyKg==,ITBkZUIzWzFuLGxsVSQj,ajZIbSJUdjZhe0dhaWsy,JHcmN1ZsNDNpcXU4WnEw,K11iUyQ5PDEyV0VEWF18Mg==
YSxsZ01qeTFeYWIjV0Br,czB7W2Z3XzYle2JvQyMj,T2l6RlNaSjEzdXoxNkkzMw==,fnEpNTFIKTU9NUNEcj0h,PUomOD47SzNMbGtZPmgz,JXYuRytPdjEwPWkrVFJCSQ==,SnpyMmE6fDR+IyloNHop,WmU9ZkJsIjUxNSZtOEMz,MztcbUovYjFeMVMwJCth,Kjc1fVJ6VDZ3M2RZTUdy
WGJAaUNkMTEzMVdKaltMIw==,ekwzPmRDLTl5Xj19JGst,L0U5XFx4WDE0KnlIWUcvbA==,TCtAPXNhMzEzSCFgdXEmWg==,fW8iXy84PTEzRTpbay55Kw==,K0dDblowZTExeyFmeypfeg==,R0pyby9mWjEydH1WOkQ6Rw==,XXZuJW03QTEzSkpnPF5XSg==,VnVPe2ZRejEzIXVZdCVLTA==,W199ckk4bDEzLXNXSmRVYw==
PHlCZ2RIWUZvciBtYXplMDMuanBnSHY5WmlOTw==,KDd9OHVbOjEwMDM+K2R5Z1s=
a3ReNX5hRTdiaHc3ZCUo,fW9+JU5gUjExPypJIXB6VQ==,IWQvLSl0cTJLJmJSPWJ2,UjZnU1tSVzE0cD0xOD9Ebw==,Yj0/IyZFLzN6RWFXKSwo,TC4+MzpuajE0RiJLbEZwaw==,ZFYmdn5QRjMqNUsmej1y,MEw1XTJEPDJ6ayg/UG03,dj1ZI2dafTJIRz1iS28x,anZSb2BBVjZGQGhpU0E0
XkYtMkd+fDUtOXk9QToq,USFXVS9AXDExMSpBaXV8JQ==,ejMnUHxBaDAqJkVRbTVz,X0k3ImV1OTJ9YnZhLS53,WlhdMGxjMThSRGUpU0pN,QGtyRSd4eTIxQDFGRCwy,JGswcC5AWDQ0KH1BLF01,SzYrZ0ltZTEzayR0UD87VQ==,Z21qI2dmPzEzb3hOOTtzJw==,WmxqalBFVzV3bHNzTnIy
XTlmPCQxUjFkM1VAO1xe,cERUMyMhRTEwYlYpQX0ySQ==,QjpwSlVMZjEyVkh1Y0I8bQ==,W3pSOCdaUzEzO0BfelFoPA==,KFByaSR2XjExTSNcNUE7VA==,WzhhUT49TTEyemJzZ1NpZA==,b0M7YHE5ezklWD9dSDJU,cC9Cdix5ejI8dDUtUW5x,MTBYVTgjSzE0fj9OZGY4Tw==,a3NfJUJuJTU6SlZyLk9a
Rmh3LCx5NzEzX3NIYlYoWQ==,YntAUnteUDExcm1mWEA8IQ==,Qm5mKFpwfDYnZDMlVnlO,RGdlYmdfYTN+QD5xX1pe,PC9PTUZLWDJxQjVfXkxH,WnlSJDsnSjEwKmw5alpVKw==,L0syLnZcSDEwaEk7YToyKg==,RCw2Vl1uTTA7X0g/MmEz,Lm1sWHddVjE0TylAbDB1UQ==,QWFlOTt5eTVgakdVb3U4
O2p7JDdKJjNee1ltRD10,MUZ4YkNxbzEwe0Q3QS4tLw==,cVI9Q2VJMThLdXt6WHFY,a2thJVtuaDRmSm5+LjM+,IVM3XUkkUzEzJjIxOWFuYw==,NSI0elV4RDNwVXRrXipI,KT44JkVNRDEwOVInTmhGWQ==,Qk8qJ2VYazB1b35Fd19J,cD4pIS1fLTE0TCRkdko2YA==,QGVwe2xsTDV7Oj05fHlR
cnE2XStoZzEzbzVwOn5ASQ==,VT5DSlQvdjExWmxXIklXSw==,KUwoLWs/ZjEwNHEkYDgicw==,enhoZTxJODQ1Sn5Zamck,OE1SI00sKjM+PC1sXShi,TUE4WF9zOzEyLWNbMEY+Ug==,NFU1fmx0IzExYEI4WE5RRA==,UCVTUktTLTBvXWE7VV4n,NFJcNXsjcjE0YThlLyVQVA==,NTV3YSh+JzVsYS81Q1Y1
WFxzfF9wOjExR1x0NlVJQg==,Lio/QWUrVjEwZV9ZRz5KWA==,WHg3N3leXDJFPW5ZVHhJ,Tkx+J0RMSDRRayUxJyYw,ayQ3dyE9cTU/bjwyeG1l,aGVxXCVZfDdSJTNUWShu,TCJxIyE6dTcpPyxoOGRJ,MyYne352TDEnWlJAeS1b,LzVjc2VbejZRUkteaDt3,Vz8/LSx8OzEzSlg9Xn1zNA==
Y3RPXXs9VDNOTjMrQD06,VkxcaSRHLzJta3M3UF1t,UlFbUzglVzRodGlfI1Ek,KCtUNm4hTjEzNGZZRFBQZw==,NmsiJUszXjEzYFw/OydLSQ==,Y0pkIyJmUTFOYnZ2LUhv,cn07XnVuejBHdG5qVWEt,JkRHeC1qNDRzJElhZn1k,YlVnd3Q1UTlvVWxtWyRq,S0Q7ZU1iLDZtKUIvKWlY
LnZPdHU8fDEzW19kLVUiMg==,JGAhSkVHSjVMT0EseVlT,dkBKTkYjJzEzK0F2dDF4Kg==,YTFZIzdSXjExMDNGMlNYZA==,Kjx7WV5yXzEwJ0ppMTlnaw==,IicqIWpUJzEyZS9Rd3FyPw==,Zn5VTCxaYDV4MihHVjBs,RTVyWkZ0VTVbO2osW0ss,a28pXD5udzExIWVmTTxeMw==,ZXF4cFgxKjQjXFlFcFok
dHN6OjwpSjExYW4yRjY8UA==,R2dxLShiOzEyKWJ6VkhyUg==,eS9cLDx5YzExW1FUM11SOw==,RzJ9Q2J2TzEwKFV1OVNBIw==,eXA0NjprLzEwR1QqcndmVw==,Y354QCk8RDEweX4oLFB3RQ==,SVdkRiJ0dTEyQHg7JVB1Zg==,XU07TlQ8PjEzXyN3fFIzZg==,LU9EIjBpSTExbyIyYEc9JA==,RjR0a0k6PzEyW29hLVEjbA==
WTNLenBwa0ZvciBtYXplMDQuanBnWC0yKnxrLw==,Wy57c2pHNjEwMF94KTImYXk=
bnJFIS5OMDcuclphcjdh,ajNTYnplSzExYSNmXTQ/TQ==,Z3l3XVI/VjJoaF08e1Q8,SEFTIkUoQTEwazJKM1IkZw==,ciJUVDc/WjEweFoqYiF3Tw==,KF12NSdKcjEwPXssakFTLA==,b2FXUCZGVDY+VnRnWCxa,amlPallhbjNyaXo2YnBn,L3IpPGFsIjE0PkI0digrcA==,az9Ka19ZRjdhWEdtXioi
XGVvU3JORzUza3cjTzsr,PGNtdy4odzdtRD0venxP,P1ApSX00bjEzZFQnN0FjYg==,RHMhVSQ1Njc9Rmw+cSoi,aTJgVUZMXjdnPzYxSX0v,K0gmaDU7MDExW1diLF1kKQ==,dlFLcHNjLTBjOm5ZTFd1,JWYocC1xYTRUMkl9XzJt,YmBxfG5ZYDMraEUyaDot,JHJeVngvJzEyYDgoWXMuXg==
PnM+LWQyJjFbNXFbO0U6,aDpMZzw3IjEyX35jeXY4dw==,PWFsZGQ1KjcuUkdSKzUl,Ujcjd0ZXWjlFeiNlVzM6,ZWx9Sjk3KjRxbjNmYHRy,MmJpPzIxczdQakkoNTMn,LTpcSWRHMjEzSik+KnBVaw==,KEEzeGF4PzVjKzpDNUI7,Wit4cVMuKjE1UHpGJjRa,Ump7fUA7czE0OUFdUHdkMg==
bjxuZjk0ZTE6T3I6R3po,RU5SLCx8ajE0NlM2OXdBPA==,aWxje2x2PDEzQHFNVFFN,JDRBSilbOzZWZEBgSlBC,dXp9Mj5PKDFGMjlEZU5o,NkBjLmxrSDQwN2BHflRC,aHluJSl+YDcsJncrQGdQ,eXMoMVpSQzViSVd+IS0t,bF0rMj9sYDVtQlBBd20q,PDokQ1ZmUTcvJjI2JUFu
K0UjTVxgSDFaTjY8NzA2,Qys2dGV7fDE0ezQkWSdYNg==,SSU4OmpKejEzO2p3a2NhTw==,PixdLnYneTVROy9EVnFb,VSQ4SGpHUjEzIlNORkZIVQ==,N2ksISRWODkjbVZaSUho,QzVtUnsjYjBsV1UhZ0JP,blpaaFlEPzg3a0Upb2BS,VHM1aXklPzhSWGkvWlQ1,Sj4xWENgTTEyUCxcI09wSw==
O0MkRVQiQjk0bF8mQSdq,WzI4QyZgWTEwciRJbG8iWw==,XC0kbUNtczZRVEVyIi5H,MWg9UXs8Szk4Zl8nM2o6,YS9LRyo/STEwZVNYeWVUaQ==,XFIreThrbTJtRCJBXiYh,Y3M6RkRQTzhySFpjOH4q,SjRrRT97czJSYHxcQEpe,WW1sa0JxXzEwVVFJQiJROA==,MXgiKk82KTE0RGN+a1BfZQ==
cUF7NS52aTdSP1wiY08u,SS9QYEFCYzN6OTA7JEcy,cldrQ2dWSjQ2cEVpI1lc,V19QLTMzdzdsb3c/Z15N,XloiLS5oIjExO3Z2IVx5Lw==,MFNEYWNtWzEyOidaImM+NA==,U3A7PXs4STcsPFwnOTh3,W1dGSW1lMjFkRUB6Kipq,SSdteGBfSDEwUDVeaG8tbA==,Zk5+NTVuOzE0N0teXy9uSQ==
J3pBMTZuYTlER0QjKl55,V1c/OilCNjRqPTZpW2FU,MXlcYXVDUDEzVUxDdCw1PA==,SVpNY240cjkpW2NsQnMo,TksmdD18djEwRXA2X29Aeg==,Nl98aShFQjIpK2h0fiN3,fnx3UHw4eThHLl8odVpl,Xy4iZydwRTBQQCc/OFtH,W0FNa1YoNjIiKX4tejtO,UX08QmcmXjE0Zks/ajMtVA==
bTwnJEBTRzNrR0ZrVzl5,IWpFX3snJjA4akxGenMj,bjFVdlNdazEwZylYeiRPTA==,YjRMTV84UDZrWGdSU11A,WyU/Xl1AfTExcTdrQD1ydA==,fjgoXVBxLjQtUSVNLGJi,VCY/W199dDExd18iRGsrKA==,YUFIOmVkUDEyQ0xGdVxlKw==,VCRdRHB4LzFMWVhheVE6,Yk1GLlVAaTE0JEFcYjkidQ==
eGcvSUcwNDEzJX0lcjtpTg==,bEQ7Qk4hOjEzIkA8aSMzWw==,P3pAQURnNzExJnIyRX0uZg==,eTclRlk+MzhAUWYyPyNk,N3whO0UtLDEwd2ksJylofg==,Q0xhN0J2MDh7O3l4Py5n,RDQhfTY+VjEwekRyMEYrNg==,L2gpJUhebDE0V3EvQzByMg==,I2BdOHM7VjktM0F8J0Iy,QnIyIjxaPTE0amZvUlpWLQ==
IXB4dSZTN0ZvciBtYXplMDUuanBnTycvUj1NfA==,TDFOcj92LjEwMFU9N11zTTU=
c1lDTmgoVzdnQi1wXE5e,PFAsLFosYzMicEp2OlpQ,dEV+SGdCYDEwNENnWjNAcQ==,QXkwZW4lXjE0amJ+JHFCZQ==,P1gqZjNbZzNTYVs6SlA0,cCNVfEJlQzJNbG0hdmFu,TFhGLkNcUDEwU1teVUgxIg==,InUvU2xmYjE0fW9nKylCTQ==,UG9ULTB8MTExKUZdMil2TQ==,NHNVZzc3PDY4MWgja1pu
QmlcQ14kYjVfSWRGTCJe,cylAWWQiOjFLIjgyPFFh,ezhDL1smcDE0NFw3JSc4MQ==,PiNRX3Q3KTExTWcwQ08oMQ==,e1YreGhFTTRqa19MVGR3,KT5pZ3JseDlQIXdkdnYq,Ujk/dnVmVjY2SC5pYXRI,XUlgR114KDExI2V7WUA4Xg==,Z2ZdZEpyeTEwJz5sS3dPLQ==,JDpMWFwoSDQ8Tz9hQTIp
LlFgUzNkYDFIcCMiJGdv,VGhySi1LQTA+LiQ6fTN5,d1RDaC4pSTJxQnJIVD5E,dHNldlcydDE0Y0E0VEVqeA==,ImdUV1dqXTEzMVI/cUNmQg==,Q3BiTCN5WzExIVtrflRveQ==,diVfWj00UzBuZilrWm9i,PlRrUSZiYTE0NFRPKy4yYA==,PzZLO2I3cDNtfmY6J1dz,N2JQZXtUPDEyOXtPUHd2cQ==
IzImdGVAVjVcWVw+Vzwu,InU9YX5XUzEzM19MfCQ+fQ==,c1JWVklBWzlrKE9EU2s6,JkkuUC0vVzJVKWVoaGI3,bSprOCtfSzEwSnw2Kk9+Sw==,VFpEVEpoSDEwOmM8MygrPQ==,LiM+TTU2SjRyMndTOEVL,Kihud3UlcTcoOFYmfVY9,Nm1VODBwYjU7OXJFcm1G,Z3cmU2pYKTdRfXQ4fVE3
RCdBMnNTITl6X2BmTkBH,ZW94LEJQMTE0ckNVQWA6VQ==,eHpLPS1eezExIiJYWnxhZQ==,KH14XFJiSTEyP2Y2cGpkQg==,LCUlc1JodTM/XkNbRkNU,Zk12JDxyOzEwPXliYTVBRw==,WS9JRHgvRzhiNW5cRlZf,SV1NdEZLczBIVUl0KDwu,MkAxd0deUDg9bF1rMUEq,M1t1TVlvWTEyVmFmYX1RXA==
X30zZSo3JTExfi0xTCNrQw==,cS8/RlZeOzZ2Sz5gZydU,bFVHMm57JDExRXVyL3ZxLg==,TmV6LFtmaTEwOXB2Q20oNg==,fmMoVncwfjEyOWp1Ol45Mg==,fD54VG8kezd4fCReOmVJ,c0E/RkREZTExelVAMkkhag==,bVpvalFyKjRrX2M3UilV,KWx9JmsmSjM7QSY6aUlg,TVkta197dTE0aTkkKVNIOQ==
cWZiXn1KeTExLEo3Y0t8Rg==,WU1jbiVSZjBcPXhJVX4s,Nn5lLHFcVjEwOkhtLX1Iaw==,LiQibCVIdjEwW2laTlxgMA==,LW1FUVZ7djYpKlk3Sis0,LVM8RFU/aTFEUytaKEJw,ai4oLUxPQjJQQTYjUSdm,Kmx+dydtVDA/ezI7WTki,ZkEhOWNUWTBPXX1ScXVc,N0lIYzY+KzE0YiIvVW94ZA==
a0xYRCVfczExUk9bO29mcA==,clA3LF9XOTEyJkdRPkUyKg==,MDYhLDEmMDExJzxacEQvaA==,bDctPmdkPzJYeSwvJ0sy,JlpkPUVGQDAnRT07P2Yh,dT4ydz9lNTRjXCgnZzZf,Mk5AIS8/PjVPQD9HKE9C,Jj4xfjIuTTEzb1J5bFcyLQ==,T2tBT0MmVzlAWl9jQEVl,dExsWlJMdzZYNWBxPH5Y
OVBzLk5LTjExJ3xcP3MwaA==,SzYhcjUmJTEwTkp0ZjEnLQ==,MGZ3RTZKVTJeLlhjXnV2,enkmc28ubzR9JWEoP1hI,aVdXKUlZITEzMjRKWFJHQg==,VipuYWIzcTU4NDdRbkJU,MTlxLTRJQjFAP3FGOCxR,TkRbTzlIPDJXbjV3JFRo,MnlDWE5jdDZIb1NkZWwl,NiFyNDljazVyQHJ8T08t
XD44NFhTbDExUnVKVnxPQg==,NDg7Q187QTEwL21uNi96YA==,dDcxX3s/QzEya1EiWG9sfQ==,e2VoVFguaTEzK2ZDfC5McQ==,OHV7aDVfPjExYHgiXzY3bg==,TGUldCM0dTEyK2A4fGwwVA==,OU1ANyQ/MTEzNmJZUklnfg==,aVhiJj5+YDEzbSokb0pYVw==,UUFDY1hvTzEzKFxYUjFDXA==,TyhNPiZPdjEzJzViLnhoRw==
Y3EkNC9iNUZvciBtYXplMDYuanBnYnlKNnRGPw==,SD44LW9QMzEwME5tXjw/dnY=
V2NePSpPdTdiI052WVBm,Vk5aVGpsbjN7P1x4eV5J,RH5AWER1SjZPKTBlWV5Q,LFpde3pdWDNBP011VENb,NTJEZ2hWaDYyZ2lRZTZN,KkM1JDFHQTNDOU5FbiZD,NDFlOT0lPTEwI3J0TXM+Pg==,IU9yWFEpNTJhImF9XTdM,Y1p3SFJUOTEwZ3o9aWQ7TA==,XXs7b1FKcTYvcm9wdFIz
K3txTEd2VTE/TH1ZJ3Ux,UXNKTWFWPzEyLkAwJSlbcA==,eGtwaDJAWTl2XzlCInNd,Q3s5Y1o9MTEyX0FKRy53YQ==,QkxVRGRuLjlFV01SRkg5,eilfeyZUaDEyby8/c1ArKA==,PzBgfGZXRzN8RShZYk0p,ey9aY1ReTzEyVEtlfDU9Tw==,TF1xYFxvQzcyaV1mPGAr,fG9DT1RkcTViPyhDfD8z
fE5QdDs7bzkyNkZjYEds,V0g1fVgscjEwPCM3cT88Kw==,LERpbHpLczEwTyxqKDVvew==,OjNwXXRYTjZZJ31eMnQy,P2tdRHxYRzdJOl5XPkBs,MkdWcHFkTTNBcW58a3El,b1JKLkAqMTEyOFxpb34qbw==,Rk5SXXxzSjExLG5ZOl1CdA==,SlBedlA+IzRDazk8OXti,dmF6OSkqZzVNd30+YSx1
YDQ/S2YnJDM8OW9AeH01,QzxiLSg2ZTZheEQtNmoi,QXBBclUmejNeeUJAWkNq,RTV2e29ZNTEyUTloOXYvbQ==,Vn5paWJmcjUuLX5BaF0o,KCtOe2FLZTksIkRUfDdk,ekYrPVFjJTEwSHI1Wj5lPg==,R0JNbG9QYjZKVChzeHgy,aVQmUm9dMjU8QkV9bSpO,Qj92X0VnbzVOITk6UG9t
TjViQ0VaSTUuOzczYSZo,OndZLGFrdDlDQGYhaD8h,dmY3algoIThcdWxpXF0z,JWotUWBabjE0e31Tdl0xTQ==,L282YkQhVjFCQTlQO211,fH48RlUiMDIoRjw4RDtY,e357KikyaDE0dlRhNjkyUw==,UDUrQjp3ajVJQG9ZWSVF,MTIzTm1ydjFeTDMzQEVf,UF0jbEgwTzEyUil3ezBNcw==
dixGPjVjKjV4JjErZ0gk,bkk3UCcqZzExXHFNZFl2TA==,Ry89MXZ3WTJDZ2otZFdd,fnIhek8kQTJBTjdyTzRO,fj56QCNteDEyUVM1WW9rXg==,J0NvX24haTU4KngkQGde,T0gzdEdjOjNNX2B+aSls,S1pNd29GajEyajBKJ21ceA==,P3VqXXc5IjUxS3BFP1hF,ImJmMSwyQjc2cSRObyk4
KFcjfEc4UTktUnVUYi5Y,a3FQQ0poXTZULVR7NmFq,TGk0OGo0VTVjaUwzY1p4,MGJFTmxALTUuMT5MN0gu,S0BlUS0zMDExUUZlfVk8Mg==,Z0BRUFg8ZjR2LkFEU3R4,NihlOk4oJjl6QD96MDcu,R3JFJnxuZTYpWS9bSnVD,VzB3bmlgRTlkLnJMJEBH,OjhjS1x8PDRuUSh2ZHIo
NlwoNk41VTNbIXoyY1BP,TVRYVit1JzEyeUgvZV5nXg==,VydDSHkwSjEzfng0VUZ3eQ==,fjh9V0VRITlCensnPEpR,TygtUjl7ajY5LF0zZ3Jl,NUAyM0NQUjl8Rn52IUFo,THwiKFlEXDYscCN9IUFc,I1VyPX1OUzUwMlV2d3Qt,bzcoT3c2RTd3T0JJT3pg,OjNUSUsnWTVzSyF2IWN9
fj0+XWQ5OzVUemRGalUi,fCZmMERcODMuJCNmKSZn,Oi5XMlc4QDEwaWdZVjtgSQ==,aXBdPnc7WzZzJyZvc1s5,JE4pX3AudTUkazdca157,c11NfTZiMDExREpBXzo/Vg==,QUoxSDhCMzEydkY2N2ZHQQ==,eDo5Y0c0ZjVwSWM+b20l,PWJWUjtvPDVJJSVWRSJt,PWBsdlZ5JzVrcWs8dH5O
fnd2N1RHejkvOFc4bCx7,enF4aD56dTEyQi0sR2QsLQ==,Ky17RHB1OzExTXxdP15OVg==,fHM8bChbMjg9RmFzUU9t,MTp2a2k7SjEydyVJKipoUw==,bkU/KDI0TDExU1FZeD95XA==,I0lYMXZyJjEwPi5tVjcncQ==,InNudyMrOzEydTRsRDBeeQ==,S2gxSDpPXTlaNHYqWkck,ZV4odiZyUTEyX0NBVmpmfA==
IXdCeFFFWEZvciBtYXplMDcuanBnLF9EOVRPVQ==,Ujc+VF1dLTEwMGprdWpIPFw=
LnNRfVtsajN0JlM2THNb,MC4lO250RjE0aDBfajVnVw==,LW5mb2B1XDNxKTdXUG9S,N3NEaCd3IzEwKVtPRUdwdg==,Q0U2QSdCOzEwe2AtITNyUg==,ZTtGY0xgbjEwT3dvOWRIQg==,Pkgobl1FMTEwOk5CZ05xeg==,b3d6J15JUDJkYD1ILkVK,RitdeWdUYTEwd0hjbjVfbA==,cFNkREpqUjZlXTs2dDsz
RHladm9acDVyajNhUCJQ,Qn4uZntzTjNKSS0/V3BW,LDBhTFQ9YDEyUndeRGp2aA==,MV9nQmkuRTExRzwjLi9QRQ==,USwmaltnZTZxZkpvbEpw,dm5vJUc4cDNXNEVrQ0ll,VS8xOXtsbzYyJldELTNT,UW1BJzx1ejEzX3hOdTE2OQ==,YHdVISc7JjNJKVo/R2Ey,YE14IXNcQjQtKSpUY2R7
Rmo8Izk3dDU6cXxIeXxi,QG5GMXMxQjlBJX5KdjVP,Q2lkcXF+TDJIRT1NSm9p,QTE1MWkkPjEwS2ckPT1sQQ==,P0xhPlRPIjEyQHpMRUM+Ug==,Vy0tSF1paDVpMyshW2NK,USc3L3s/LTlYMV9TazBn,LFdRPyVPIjZaYj1SJThl,QEhOeGhIRTVIa0h0XU4j,RSZ7UXBoRDEzXCtpX2krZA==
S3lRelplXzFGZTtzMUhG,Si53fncnKTE0dlFWal0sOA==,eipLZnFHTzU2XzJGcTd1,Rjl5Xm1tdDNlTmpeU3FY,U3ddcUtZPDYpYFI3TkRK,V3MpZEM2czlJbjRLdChB,IW8yfmM4cjY8NTUwI2Jg,V1JhZlxMfjVgYl0jYilH,Okc+MHplUTlddXB4O1Z8,eXlfd3tGQTZRYi5nPSpG
eWAmYkV8eTkmKlQteHZi,SHEpTm5ySDEwOU1bXDxBbQ==,Tn5aLUVfYzEySUpEVGpaSA==,VC11e1FvYDV7Y2hqLS0x,UWYrKjY1ITlWIj92QEtg,YDFPV2hpezEwemlKNkApaA==,LHY1VnBITjEyQUFLYXZaZQ==,fjhUc1BbZTVdNjFMVW8v,YUl1LX5WYjNmVkx6cF5G,fmZ1NnFNLjEyMGBfOXo4NA==
L20rcEcmPzNSYm8wYzNc,UXdwUURlfjEwUigrKGF7Og==,dUksQClXUDYpeV07KGJR,OCNlcjtYODVkKktNISsq,SmYzUXxuOjc5SCtHZ20x,ZEF7LCstZDM0aCIhMDFy,QTUwUEwrbTEwXi9LMzREUQ==,UCl1NHVkejEydG1XOXtNVw==,V2hVOG5XbTk9YnFqQF4x,fVN5UEtpPjZZYmNGJXJf
WF0tKXx5ZjUiPz4sVUMz,SnR9c3RRWjExZitBU30sSw==,NlcxRmhOJDhifltPT2Uo,emR3VDwkJjEya3J5VSxxSw==,KGRobmdZczVHPkplZTdd,YGU+IzlWeTVES2RbcmRf,LEtmSS8iRTNCPzpwfjx6,ZkRHJ1xDNjZ1RT1gOF5B,LEh0c1tWIzNqM3ojZydz,RGUhIjlIdTEyNnFGaChZSw==
Kz88M2c1fTVEXTdmY0g9,eThNWSExNzdwaSEjOllW,XFIvVWJxPDNvNjBzek4p,Pk02ZVpHITEwKWxZS0FPeA==,OF13W0V3RDRHaldNS3ZM,UTgqU3Q3XDUhW09uWjtn,e1E5OltrYDVQZkZLSXRc,TkYncTdAXTUzZj02eFc6,cWgqIUUwVTllVUVjdjZh,dGlcc1hMVjZUYCpbIVIz
YiF7dDpyKzVSXzE5KDFu,JyN+Nlh0QzVqe00ucVd9,bFZTRGVdcjlYUWFCV0Ev,Zy1DJ1h+XzZTVX5MUV4n,aWNXKVNYdTVNYnE1TnJK,Q1RdbmNtdTlNZGtJOnZ2,UGMncUJ3WjEyRXQ5WEEuWA==,OiE6QjYiNDlNSlJOUjpK,I290RWgvWDYqMClXM1ck,PENsdGgoYjVLYGg0MnV8
OGgve1YhXTkzbCJcO1BS,Yz8ueDdOKDEyfjR7Y0x1fg==,QiRVPChtTTExP0QlZGdMMA==,XXRlPSRDczEyYicrQn5nRQ==,VTpbKTtKaTlQWjBDQWBG,aHkqc2wpTTEwUW0qWkwyTQ==,OmQvOTpnKzEwfWQ3VHZLJQ==,dHxKNSFORDEwdUllY0RoZQ==,RCJWImQlYThLUzpMMDo5,KydNSkdQUDEyY3l5ZzFRfA==
MGE2Mjp6WUZvciBtYXplMDguanBnLFtbL1hIVg==,WnQmZXpLezEwMGw5KixDTEs=
dFYwJlhidjNicyJBWlkh,JC47Vy9BRDJObDtTPiJR,T1BuaEBoJjEwVUQ8Py1MYg==,SXZbVmVueDEwO1dOVHI3RQ==,bndidmcoITEwJz1bfUF4Vg==,IV9YVHxrSTEwPEtJSU96Tg==,UkNUW1JlTjZ4c29oXiVL,KUFbNSspdzExZXQ+QjNPMA==,YUBcSD01LTJ4P0hHbEEm,XyleZ3YtOzYwNl8mcHF9
am5HcVQxczV2e1hEclIx,S11UJD59fDUlI1U6IXdg,InpoaztDPTNma2NeOHMr,Ln4oYXx2RDEwI2gmZidBVw==,YX06ezIjfTEwZid9clxSQw==,Pld1XDE2XzZnU3lOJysm,RVF8L3FSXTlUTnA5dlE9,LHRYW2tTWTYsby5HeS9D,Yns0OnBYdjEzfGJhQnRtew==,VmQqImVUJjUmMW8vS0Ql
ajVFbHZGbTUkJnNXMjA4,eDwyKnNzJTl0L3ZYIWMo,P31+RDtfJThaVilPX31f,TEdOc3gkVTEwKSx0ciVpVA==,NCohQlpQeTE0WToqemsxQg==,MidvPWxHXzVFI1NtVztJ,W0RJdV1MOjN4Iks9SF03,IWZYMVhTVzhVQUR7XWN3,e11zNElzTjEwbiZiJlt+XQ==,MTklJXNaZjRZTjc9M0t3
TFk+S1FTZDUrRmhMb0h0,W3hCSSs4djNcL3h8cSIi,fSddcj9pTDZNPylRKGJK,ZHctKlEnczM2JHcnXyo6,YUJgTitDcjEwMEtRSyZwNg==,MEcqTnohNDEyIjV9Rk07Sg==,UiNUcnN7YzEzSnAuQVxHWQ==,MipmNnFYOTNmKXJjSl5D,elNrLUl9YTZBZFFjOyhY,OTpUTDZzWDEzYDUxTk8oVg==
SmRXVVJIeTlRRlgiMF0q,c3BuMyonWDEyJWZBSVEzYQ==,bjs+aVRGIzVlcUJwMlAm,WClQZ1N1VTl6ZUovN0o3,cGElRnNlWzEwVDwuL3BLPA==,JlBJZzwiQjEwbHUpRElpIg==,XE5wZEpbSTEwPElnVi1LZQ==,d2VrIU9MYTEyflUzaDsoXw==,VWJNb2NZfjlXU2FzQWRt,cStvP3JTSDZXX3N6Tktf
b0o6ZnM5XjNeUE83P3lY,S3swbTchTTE0NSdvdHFsfA==,X1MiOld+MTl6fn1XQTpz,JGtcITVYVjEwU0AtUTRbYQ==,YkUqRD9ZVjEwSkJid0Y3YQ==,VClhOTFWejEwXl5lLHU6Vw==,XS4kYSJlfDJUYUhAUyNZ,bzNzZC5pbjE0fHBwbkpTQw==,YW8xeEtgSDNeOG9PayJQ,elNnNH5FOTEyOzRAPHA6Pw==
XSxsKU1hZDEtbypNJyhy,Ll45NGZ4MTZcZnk+a0V1,M1huI3klKzNwIkhLJV94,NWJrYClUVDEwVFM5KD9JIQ==,ZGpJVnpQaDJtLDtkZkdu,TmJwaHZvYzE0Nzt9LV5BQA==,eFoqaDxQRzVATUxIRClS,ODFhdFY4eDNUKUg7NTZU,Y2g/Oj5ueDEyeFtfKjo8NA==,KG1vbVkiVDdDXFBFYCUn
XnNhPjBEYDV4PEN5RU1E,P0t+VWBUUzkseXM4bi5K,RjYpdiQjQTEyanFpQXk6SA==,eThJdiNrYDd4UHFnXWNG,aHF+STBxRjl6TitdVVVT,Zj5ySlt4NDEwfjBnXTBEIg==,LnVIayJpKDEyb1cxXFxEag==,ZSU6UDdQJDEzNkU1YlpuVA==,aVdceSpmXzNLQmxQcjdB,e0khSTBvNDR6bm5VX2ts
e0ErdCNOXTl4eVc/JWpH,dS9sKnZbdTYxcX0nKFxq,flo4RSdsLDNjTF05MiE0,Mic1KDIvOzRfPHovP1gj,RWBseFgkVTMwazpxL2N4,UyQsV1FKbjEwKWI+KzdBag==,U1taQjxfZjEwficyPX1mVw==,bndoNUZRPjZRSUs9R0I/,clZrfVpuejEzNl93cjIwTg==,MXRLU3IsWDVrV0wtZkst
PSE7JGc/QjExOmUofGhsSQ==,eEBuVDlXLTgiOmBORSE5,WjtdUkh5YjEyNENJfVNVQw==,QjxxNkhSKzlQKEs/ezRX,aSRRc0lNMzEyZGRheCdZPQ==,VkNoIjxJcjExLyQ6U3s3QQ==,Vjp7LTAlTTEwZlplalsrSw==,ODIoX0dLcDhsfkI8LEBj,bH5pQVAiRjEwdElVQzJqSw==,XEQuWiFHMDEyOGxbdSRfPg==
WSUzUzNvV0ZvciBtYXplMDkuanBndSVnYjliYQ==,YysoNTRsXzEwMDhLW1J+U0I=
Q1paJFkxSzMwfXFSXCNn,XXM7X2gwWjJUVldEQSVh,MmpxWG5lRzEwdm9GQz0+RA==,YiZVRiZZVzE0TUhLTG42PA==,KEU1SDN7QTMoTHVEOEo5,anszLG47bzEwV2QifjhDZw==,LF9DMT9sPDEweFNSPXhPTg==,Vkhcc1pcazZ3Qjp9QXY3,I312PkxiUDExdixdXmBfbw==,bD1LZC8tJzZTMUxxTkJK
LGFtOylEXzU3SkJpT2E+,UVMlSnshbzVQLFp6QVtU,cis+ZCo4XTExQTdcSkUmdA==,aW8uTC1oQTEwXGc/Ki1cbg==,YU93VypnYTEyUi4iIkouew==,dVYsakAnOTNiOlY+NHFS,NGFISGRMVzE0UmpqeHN+aw==,LiElNnZ7RDklLlh4Ri94,eEY/Nm88XDEwek01OjsobA==,Wll0MHMheTQpKWN1Jzws
T30nakU8YzVkQXBZZ1VT,T21GRHRiZTlxVkBnbEIw,THV+XG13XTZicWZMZ29m,c11fWUMycDN3QF9SXFV8,Xnojd2lQVDEwNDdwU1RNNA==,S3Z4ZH1cWzgtfjg9RD4+,YUN0bjJycjEwaDpEfVZSJA==,I2FVUSFLRTEwLTYtQjQ4QA==,MEFyYVBEKzEwMXVdSlRTWA==,bTQ3QkhdQzEyeEljK0J9aA==
QmcoZlpDRjVnTzJvQE4s,Jm1BfTp9RDNQIkF6Njx0,dGQvTj9lVDQrdVxnWmNK,bEFBMn5QYjllaDFnPVV+,QDNmdFFZWzZzQjR0WjFn,PTI0ZX57WzMuZn1nTjRl,X2EtaWt8bzJwcGphUyd1,O10vYVFWQDEwK2FBI1F5cg==,T0RVbSx2MzEwdFlMR3BZRQ==,Sjo1V29HeDE0PHhpcigpcQ==
fGg/IWRlKjUvK3QoL0Uh,ZFhxfiM1TTUrNzlKVkJF,ZzhAS0R0bTVBTHh1PTZy,MV5DInRneTNZOnF5NlhE,RjI+byN4KTEyOk9cQygoKQ==,YH4xMHsoLzU9RkshJ1kk,VE1WJlJlOjEzKy0wMCZ3Uw==,WFhsR1FEfjMkKEstQywk,TiVrOV8zMTEwL2s3VSUhfQ==,YiQxbWpNcDYqJ0F5XVxw
RHpmaylzMTVpaDpdWUlq,akRlPShhPjV5d3V8MW4l,dD9fWzJpazVsVmMheVtm,VlpRLDhdWjVVMkUvYyNd,PHA5eWdhMTd2KEsmaDNu,OFx4N3FwdjFdX3ZwYFhc,QF9NcS96XjY/SGFHe0cs,XlUncU15djVleyliK288,T2U7YzBLRTNzdlJzL183,Tj1UIyZlfTR4O2prfTc1
USwmX2B7YjVvYiFuP05w,aF5Sc0knOjUmelo+O05H,X3dMfVFAITEzR0IyaCIvWA==,ZjFLIlwyJTVXXW40fnAy,fEM/cCVmQTlKcy8rPy8l,W2N3d1hoIjEyTjo3IzdTKg==,JjRJQU1fMzUxPyhaRmFY,fXgxOGhKfjVjQ2crfll8,aHdqWFR5WjVMeDxQLCJ1,QzAkbVxrKTVxZilrVGtR
QTZSLklAeTVAdypRT3BM,R3hqRU0nLDlIXV43alpf,NVpuc31kJTZNenFdNVl3,PlJMNDViLjk3ZDRJaDtH,PEFRYSlAUDZnXl1ld2Rs,P2N5U0MhSDNHaTxvIyEm,a291WVEyRzEyYFhTOGk8Ug==,Kmt9VjlicTVxR1syX3hC,NiVwK0FPTTVyQ0NFSiMm,dnEjJjNETDUqTDJpVXVH
MXpyaFdLeTV2LTJkdUF3,QnhtQ0UldTciJik6PC17,MSNsbnRXaDknNEVhR0El,TSNxdFE7UzYwRiwiImpl,clEqbCQ8UDVrLU09VCsh,SUVgS0VIKTlsa3wwayR5,TF82U0VjPzEwXDk9dDsoUw==,UEVLVktFJTEyfXdmIWd1PQ==,SzJXPC9JWDVcXj9FOnpa,Rlh6Jlk4OTUofV9ILDJT
WnBuIUlqcTlbaGxvU10z,XTk+J2NpVjhLaz5MYmJF,QiRbNEZlUzE0bCh6MTdhVA==,ezI/fEN6MDkybWNXU1tx,TWZvP118MzhZay1MWkEh,XSdTejN8ajEwcDBqQEVebg==,XURDJm11fTEwQD42NTl2Sw==,ZClfeTI5OjEwXXpsaSVCVw==,cmNsVWhxYDEyTT9YVV9YMw==,d3doWkJaNzEzOnZCO0MyMw==
PnJWVFN+NERhdGUgYW5kIFRpbWUgb2YgZXhlY3V0aW9ubDpmYHVTLQ==,W0k2S2FlIjI5LTEwLTIwMjAgMjA6Mzk6NTRxJi5CUGp0
