WDRxZ1BQclRlYW0gSURVVUM4PU44,XVkva3xOLTIxODJMXGRKPy1G,ckUnK3pSNE9TWzxWPE99Qw==,ZGRIbHpjXkxpbnV4bThwYEpKaA==
TjZHb3x8b21hemUwMGw+ekxVJDM=
RmRKeEJsYk5vbmV0Y2JsTV9K
Zl9+QkdUSG1hemUwMFYhQnNbZkU=
N356NGF7Kk5vbmVbZnZnansm
byxSLiMhUG1hemUwMWRDVXREMUU=
ZTNESFs8Vk5vbmVxaD99ezQp
RF87LXFGWW1hemUwMC9SbUlFUzc=
OiEsekkwbE5vbmUmYzcnImRH
dTNnYSY0cG1hemUwMSw7UiF2Ri0=
UTsnVHVbSU5vbmV1bVQoPXU4
VmR6Vy5Rem1hemUwMEtFREhta0U=
b2kqP2cjTU5vbmV+JD97LE1n
W3duQ28+MW1hemUwMTJbJktZLV8=
NC0kVEVSe05vbmVQUFQ+e15v
RkghaitRN21hemUwMEwzaEFdbHE=
dm5edlZ0ck5vbmUpRnF3RWFt
azQ5U2Z+S21hemUwMStjLHVuaEg=
TiNdcXVcUE5vbmVkVC93S3xm
OFN6T0s0KW1hemUwMDFlUnprayI=
bVsoKCF9OU5vbmVSeFhmbXNB
OCtgX29xJm1hemUwMS58aXNHWGk=
Jzw8SH5bMU5vbmU7cmNkQ2J1
QjY3elVxaW1hemUwMCdbfFQ5KEw=
LH09LytrKU5vbmUvSk5jOWU1
aDBvdlczPW1hemUwMUF2VzY0Jl8=
eCwscF5XZU5vbmV7KSp4dWRS
TTR3Z1stS21hemUwMGAlNitPO1M=
PngudV55Lk5vbmUsN01RQ3xG
eFpebXFqN21hemUwMUs8eycmVCI=
bnJuSFJ5JU5vbmUpaHM3JEdV
eUZPLnEvem1hemUwMGgmRUJLPV8=
dklMZCxuOE5vbmU9PDZPLjpw
SntEITJAfm1hemUwMSQyXD1AZWo=
XigkQml+b05vbmVmQkJhQHdt
Jj51Nl4xKG1hemUwMCtMTmZRSTk=
cjhrTisuRk5vbmUuaV4nVzQw
eH5OP0xhbW1hemUwMVhwcS0zZ3c=
Z2J2UEsiZU5vbmVWUiZeKnou
dCtnLEh+b21hemUwMEo5M00sNkg=
aT9oUDBnek5vbmU0dk5UR15M
TV1IfURIe21hemUwMStXYkVjSnI=
Qko9XmwuZE5vbmUqJkxkOFo/
OXQtalFLRW1hemUxMCtjfmkoZlA=
V2FcLiZ2aU5vbmUpQm0mUFV+
PjdlR1dTRW1hemUwMFZxcGxqRyc=
NToxMHR9aE5vbmVFJjw4aFZi
NlRiWFp9fm1hemUwMUJJLntTN3Y=
YXVzYyp3fU5vbmUjXVI2dVVw
Yn1EaENPNW1hemUxMEo9JzFDPmQ=
cXAqbFFse05vbmV3NmdgU2lv
YihkREY8Zm1hemUwMHw/J1x5Oik=
PHxmJk5ZI05vbmUvQDtjN0Qn
NX1zW3Zmam1hemUwMUdaOktTW08=
SD4mbVR+ZU5vbmUuXyRYXyZk
W0omU349dW1hemUxMG5zazNFSDs=
WHh3PWFkME5vbmVmM2ctOHdj
N3dwemllTW1hemUwMGNrdE1iXzg=
JTNNK09Fdk5vbmU7KFMnaCFK
KG94UHlZSG1hemUwMXlZVTd6Sls=
TD9KPFVAZU5vbmViMUlISFpq
K3p6XXwkUm1hemUxMCVMWSxIUi8=
fislcXUwbE5vbmV9NihJUXlF
SSNFKlhVdm1hemUwMGlnN2tLYCI=
eWl3ZVxlK05vbmV6cEVyJFMz
T0gkXVMzYm1hemUwMTAwVj5OekQ=
bWAkQ1dVLk5vbmVCJDFzbnhM
XnVqa1AwdG1hemUxMFZUYkRHO2c=
UGNHRD5lck5vbmUqVSd8IUF3
Oiw4eS97Om1hemUwMC03Q1ojOkg=
NXAwXVh1ME5vbmVxZlc7Rmlh
MzVdclhCdm1hemUwMTwuSSN4I3w=
Yl5ZalMnSU5vbmVXdi15Wz5J
dSkzc1siZ21hemUxMDMxfCJePVk=
ejRAayMkd05vbmVBcCEnV3J0
RmRoRnJCOG1hemUwMEktWysvemc=
T0tgbGNtVU5vbmVUXzxfWjMy
dT99QVdfRm1hemUwMTRjLnlkbTE=
ZSdWRDBlYU5vbmVBT3ReKF9H
ZFZEU1opVW1hemUxMEUmaH58ZGo=
NmdBWCFIT05vbmVCaFwpVF9V
XjhuYy12M21hemUwMENdQ09JNXk=
aFZlI0heZU5vbmV0SUJrSF1Z
U21zXk89M21hemUwMWtJUG40VkQ=
VFhkQUI9bE5vbmVeeVouOSdp
fGhVLFJgSm1hemUxMEIlc3ZxSHc=
anBgd119ck5vbmUldiQoeUpy
c3htQUNnQG1hemUwMFV5ZCdYW00=
Ll1YOHxEJU5vbmUiNVM5Znl1
XyhCPnM8cG1hemUwMUEqdUtiWio=
Ung5P2dxZk5vbmVteElqQ3B6
KDhQZ2xAPW1hemUxMF4me3xtJyg=
VHZ4Iiw4Kk5vbmU6KzsrWTt0
azdqbHkmPG1hemUwME4oNWBadEg=
fnRGVzdsVU5vbmV8XT4sPWN2
Qz1JQDw/NW1hemUwMSwxV0k6Jn4=
SDg+amJMOk5vbmVeIns/IVxA
NVgkT1UvIm1hemUxME4ncWRrJyw=
PENzak1NT05vbmViYnl8QDFv
